First Name [Required],Last Name [Required],Email Address [Required],Password [Required],Password Hash Function [UPLOAD ONLY],Org Unit Path [Required],New Primary Email [UPLOAD ONLY],Recovery Email,Home Secondary Email,Work Secondary Email,Recovery Phone [MUST BE IN THE E.164 FORMAT],Work Phone,Home Phone,Mobile Phone,Work Address,Home Address,Employee ID,Employee Type,Employee Title,Manager Email,Department,Cost Center,Building ID,Floor Name,Floor Section,Change Password at Next Sign-In,New Status [UPLOAD ONLY]
Abhishek ,Borkar ,abhishek402@dbatu.ac.in,Abhi@1234,,/,,registrar@dbatu.ac.in,,abhiborkar402@gmail.com,,,,7972792664,Department of Electronics and Telecommunication Engineering,,,B. Tech. Student,Student,,,,,,,,
Aditi,Baikar,aditibaikar5@dbatu.ac.in,Aditi@0511,,/,,registrar@dbatu.ac.in,,aditibaikar6@gmail.com,,,,9373858874,Department of Electronics and Telecommunication Engineering,,,B. Tech. Student,Student,,,,,,,,
Aditya ,Mule,adityamule199@dbatu.ac.in,@Aditya485,,/,,registrar@dbatu.ac.in,,adityamule199@gmail.com,,,,7989220070,Department of Electronics and Telecommunication Engineering,,,B. Tech. Student,Student,,,,,,,,
Aditya ,Sansole ,adityasansole101@dbatu.ac.in,Aditya3790,,/,,registrar@dbatu.ac.in,,adityasansole99@gmail.com,,,,7709837903,Department of Electronics and Telecommunication Engineering,,,B. Tech. Student,Student,,,,,,,,
Aditya ,Deshmukh ,adityadeshmukh442005@dbatu.ac.in,Aditya@666,,/,,registrar@dbatu.ac.in,,adityadeshmukh442005@gmail.com,,,,7028252068,Department of Electronics and Telecommunication Engineering,,,B. Tech. Student,Student,,,,,,,,
Aman,Uchitkar,uchitkaraman@dbatu.ac.in,Uchi@1712,,/,,registrar@dbatu.ac.in,,uchitkaraman1712@gmail.com,,,,9623142479,Department of Computer Science Engineering,,,B. Tech. Student,Student,,,,,,,,
Amruta,Umap,amrutaumap2004@dbatu.ac.in,AmrutaPass@123,,/,,registrar@dbatu.ac.in,,amrutaumap2004@gmail.com,,,,8956384889,Department of Electronics and Telecommunication Engineering,,,B. Tech. Student,Student,,,,,,,,
Anisha ,Dhanavade,anishadhanavade@dbatu.ac.in,nisha@2405,,/,,registrar@dbatu.ac.in,,anishadhanavade@gmail.com,,,,9322257491,Department of Electronics and Telecommunication Engineering,,,B. Tech. Student,Student,,,,,,,,
Anushka ,Manchekar ,anushkamanchekar9@dbatu.ac.in,Anu@0905,,/,,registrar@dbatu.ac.in,,anushkamanchekar64@gmail.com,,,,7756918479,Department of Electronics and Telecommunication Engineering,,,B. Tech. Student,Student,,,,,,,,
Atharva,Kavinkar,atharvakavinkar@dbatu.ac.in,Athu@1234,,/,,registrar@dbatu.ac.in,,atharvakavinkar@gmail.com,,,,8080663486,Department of Electronics and Telecommunication Engineering,,,B. Tech. Student,Student,,,,,,,,
Atharva,Kharade,kharadeatharva005@dbatu.ac.in,Athu@123,,/,,registrar@dbatu.ac.in,,kharadeatharva005@gmail.com,,,,9373668963,Department of Electronics and Telecommunication Engineering,,,B. Tech. Student,Student,,,,,,,,
Atharva,Koli,atharvakoli3223@dbatu.ac.in,Saath@3223,,/,,registrar@dbatu.ac.in,,atharvaharsh27@gmail.com,,,,8855961331,Department of Electronics and Telecommunication Engineering,,,B. Tech. Student,Student,,,,,,,,
Avanti ,More,avantimore2005@dbatu.ac.in,Avanti@2005,,/,,registrar@dbatu.ac.in,,kolekarsoham1234@gmail.com,,,,9673921203,Department of Electronics and Telecommunication Engineering,,,B. Tech. Student,Student,,,,,,,,
Bhushan ,Kolse,bushankose@dbatu.ac.in,Bhushan@123,,/,,registrar@dbatu.ac.in,,bushankolse99@gmail.com,,,,9403545415,Department of Computer Science Engineering,,,B. Tech. Student,Student,,,,,,,,
Dattaprasad,Gunge,dattaprasadgunge@dbatu.ac.in,P@ssword80,,/,,registrar@dbatu.ac.in,,dattaprasadgunge@gmail.com,,,,7249510589,Department of Electronics and Telecommunication Engineering,,,B. Tech. Student,Student,,,,,,,,
Deep,Thale,deepthale01062005@dbatu.ac.in,Deep165200@123,,/,,registrar@dbatu.ac.in,,deepthale01062005@gmail.com,,,,8862017353,Department of Electronics and Telecommunication Engineering,,,B. Tech. Student,Student,,,,,,,,
Gautam ,Gosavi ,gng0309@dbatu.ac.in,Gosavi@123,,/,,registrar@dbatu.ac.in,,gng0309@gmail.com,,,,8446598689,Department of Electronics and Telecommunication Engineering,,,B. Tech. Student,Student,,,,,,,,
GD,SC,gdsc.official@dbatu.ac.in,Gdsc@1712,,/,,registrar@dbatu.ac.in,,amanuchitkar.gdsc@gmail.com,,,,9657700925,Department of Electronics and Telecommunication Engineering,,,B. Tech. Student,Student,,,,,,,,
Hitesh ,Dhepe ,dhepehitesh@dbatu.ac.in,Hitesh@0515,,/,,registrar@dbatu.ac.in,,dhepehitesh2003@gmail.com,,,,8625985609,Department of Electronics and Telecommunication Engineering,,,B. Tech. Student,Student,,,,,,,,
Hrushikesh ,Apsingekar ,hrushikeshapsingekar7@dbatu.ac.in,Pass@123,,/,,registrar@dbatu.ac.in,,hrushikeshapsingekar7@gmail.com,,,,7219322630,Department of Electronics and Telecommunication Engineering,,,B. Tech. Student,Student,,,,,,,,
Janhavi,Londhe,londhejanhavi@dbatu.ac.in,@Janhavi3033,,/,,registrar@dbatu.ac.in,,jslondhe28@gmail.com,,,,8855016639,Department of Electronics and Telecommunication Engineering,,,B. Tech. Student,Student,,,,,,,,
Khansa,Jaffer,jafferkhansa@dbatu.ac.in,Khansuuu@2288,,/,,registrar@dbatu.ac.in,,khansajaffer28@gmail.com,,,,9325874939,Department of Electronics and Telecommunication Engineering,,,B. Tech. Student,Student,,,,,,,,
Komal ,Tidke,komaltidke@dbatu.ac.in ,Komal@123,,/,,registrar@dbatu.ac.in,,komaltidke2407@gmail.com,,,,9168119587,Department of Electronics and Telecommunication Engineering,,,B. Tech. Student,Student,,,,,,,,
Manasi,Narvekar,manasinarvekar@dbatu.ac.in,Pass@456,,/,,registrar@dbatu.ac.in,,narvekarmanasi437@gmail.com,,,,8263010660,Department of Electronics and Telecommunication Engineering,,,B. Tech. Student,Student,,,,,,,,
Manasi,Sonawane,manasisonawane08@dbatu.ac.in,manasi@201711,,/,,registrar@dbatu.ac.in,,manasisonawane08@gmail.com,,,,9021345209,Department of Electronics and Telecommunication Engineering,,,B. Tech. Student,Student,,,,,,,,
Manasvi,Lahane,lahanemanasvi@dbatu.ac.in,Manu@1027,,/,,registrar@dbatu.ac.in,,lahanemanasvi@gmail.com,,,,8591100314,Department of Electronics and Telecommunication Engineering,,,B. Tech. Student,Student,,,,,,,,
Namrata,Deshmukh ,916dnamrata@dbatu.ac.in,Pass@098,,/,,registrar@dbatu.ac.in,,916dnamrata@gmail.com,,,,7058515461,Department of Electronics and Telecommunication Engineering,,,B. Tech. Student,Student,,,,,,,,
Nandini ,Powlekar,nandinip@dbatu.ac.in,Nandu@123,,/,,registrar@dbatu.ac.in,,powlekarnandini@gmail.com,,,,9146235750,Department of Electronics and Telecommunication Engineering,,,B. Tech. Student,Student,,,,,,,,
Nimish,Patil,nimishpatil134@dbatu.ac.in,Moto_g34_@123,,/,,registrar@dbatu.ac.in,,nimishpatil134@gmail.com,,,,9356523491,Department of Electronics and Telecommunication Engineering,,,B. Tech. Student,Student,,,,,,,,
Nirzara ,Balkawade,nirzara1750@dbatu.ac.in,nirzara@9970,,/,,registrar@dbatu.ac.in,,balkawadenirzara@gmail.com,,,,9112263175,Department of Electronics and Telecommunication Engineering,,,B. Tech. Student,Student,,,,,,,,
Pramila,Pradhan ,pramilapradhan@dbatu.ac.in,Pramila@123,,/,,registrar@dbatu.ac.in,,zpradhan4@gmail.com,,,,9325545150,Department of Electronics and Telecommunication Engineering,,,B. Tech. Student,Student,,,,,,,,
PRANAY,PHEPADE,pranayphepade19@dbatu.ac.in,Panu@002,,/,,registrar@dbatu.ac.in,,pranayphepade834@gmail.com,,,,9321496152,Department of Electronics and Telecommunication Engineering,,,B. Tech. Student,Student,,,,,,,,
Prathamesh ,Malore,prathameshmalore@dbatu.ac.in,Pass@1234,,/,,registrar@dbatu.ac.in,,prathameshmalore@gmail.com,,,,8421896921,Department of Electronics and Telecommunication Engineering,,,B. Tech. Student,Student,,,,,,,,
PRITI ,WADGANE ,pritiwadgane@dbatu.ac.in,Preesha@2004,,/,,registrar@dbatu.ac.in,,pritiwadgane37@gmail.com,,,,9022013991,Department of Electronics and Telecommunication Engineering,,,B. Tech. Student,Student,,,,,,,,
Priyal ,Patil ,priyalpatil@dbatu.ac.in,Piu@1509,,/,,registrar@dbatu.ac.in,,priyalpatil041@gmail.com,,,,9699426449,Department of Electronics and Telecommunication Engineering,,,B. Tech. Student,Student,,,,,,,,
Rutuja,Garibe,rutujagaribe@dbatu.ac.in,Ruts@8888,,/,,registrar@dbatu.ac.in,,rutujagaribe539@gmail.com,,,,8767538559,Department of Electronics and Telecommunication Engineering,,,B. Tech. Student,Student,,,,,,,,
Sachin,Pasarge ,sachinpasarge@dbatu.ac.in,Sachin#4248,,/,,registrar@dbatu.ac.in,,sachinpasarge2005@gmail.com,,,,6361073917,Department of Electronics and Telecommunication Engineering,,,B. Tech. Student,Student,,,,,,,,
Samiksha,Jorkar,samiksha8@dbatu.ac.in,samikshajorkar#8,,/,,registrar@dbatu.ac.in,,jorkarsamiksha4@gmail.com,,,,7499842917,Department of Electronics and Telecommunication Engineering,,,B. Tech. Student,Student,,,,,,,,
Sarthak,Rajebhosale,sarthakrajebhosale21@dbatu.ac.in,Sarthak@4513,,/,,registrar@dbatu.ac.in,,sarthakrajebhosale0@gmail.com,,,,9284520416,Department of Electronics and Telecommunication Engineering,,,B. Tech. Student,Student,,,,,,,,
Shivshant ,Rudrawad ,shivshantrudrawad@dbatu.ac.in,Shiva@1013,,/,,registrar@dbatu.ac.in,,shivshantrudrawad@gmail.com,,,,7776897851,Department of Electronics and Telecommunication Engineering,,,B. Tech. Student,Student,,,,,,,,
Shivshant ,Rudrawad ,shivshantrudrawad@dbatu.ac.in,Shiva@1013,,/,,registrar@dbatu.ac.in,,shivshantrudrawad@gmail.com,,,,7776897851,Department of Electronics and Telecommunication Engineering,,,B. Tech. Student,Student,,,,,,,,
Shraddha ,Parte,shraddhaparte51@dbatu.ac.in,Pass@233,,/,,registrar@dbatu.ac.in,,parteshraddha51@gmail.com,,,,9637985849,Department of Electronics and Telecommunication Engineering,,,B. Tech. Student,Student,,,,,,,,
Shravani,Gadkari,shravani05@dbatu.ac.in,Shravani@123,,/,,registrar@dbatu.ac.in,,shravanigadkari05@gmail.com,,,,9175125515,Department of Electronics and Telecommunication Engineering,,,B. Tech. Student,Student,,,,,,,,
Shrushti ,Kukde ,shrushtikukde@dbatu.ac.in,Shrushti@123,,/,,registrar@dbatu.ac.in,,shrushtikukde@gmail.com,,,,9422185233,Department of Electronics and Telecommunication Engineering,,,B. Tech. Student,Student,,,,,,,,
Shruti ,Bodkhe,shrutib07@dbatu.ac.in,Password@098,,/,,registrar@dbatu.ac.in,,shrutibodkhe18@gmail.com,,,,9518758447,Department of Electronics and Telecommunication Engineering,,,B. Tech. Student,Student,,,,,,,,
Shubham ,Pol,shubhampol@dbatu.ac.in,Pass@1237,,/,,registrar@dbatu.ac.in,,polshubham70@gmail.com,,,,7387195134,Department of Electronics and Telecommunication Engineering,,,B. Tech. Student,Student,,,,,,,,
Soham,Phadnis ,sohamphadnis@dbatu.ac.in,Satara@123,,/,,registrar@dbatu.ac.in,,soham.phadnis11@gmail.com,,,,9156121976,Department of Electronics and Telecommunication Engineering,,,B. Tech. Student,Student,,,,,,,,
Sudhanshu,Humaney,hunkyrover99@dbatu.ac.in,hankover@2004,,/,,registrar@dbatu.ac.in,,sudhanshuhumaney@gmail.com,,,,7276888956,Department of Electronics and Telecommunication Engineering,,,B. Tech. Student,Student,,,,,,,,
Tanmayee ,Bramhankar ,tanmayeeb@dbatu.ac.in,tanu@123,,/,,registrar@dbatu.ac.in,,tanmayeebramhankar@gmail.com,,,,8591078076,Department of Electronics and Telecommunication Engineering,,,B. Tech. Student,Student,,,,,,,,
Tanvi,Warghat ,warghattanvi@dbatu.ac.in,Pass@123,,/,,registrar@dbatu.ac.in,,warghattanvi@gmail.com,,,,7744844353,Department of Electronics and Telecommunication Engineering,,,B. Tech. Student,Student,,,,,,,,
Uday,Meshram ,meshramuday121@dbatu.ac.in,@Meshram121,,/,,registrar@dbatu.ac.in,,meshramuday121@gmail.com,,,,9284311567,Department of Electronics and Telecommunication Engineering,,,B. Tech. Student,Student,,,,,,,,
Vaibhav,Mandwe,mandwevaibhav@dbatu.ac.in,Vaibhavmandwe@2004,,/,,registrar@dbatu.ac.in,,vaibhavmandwe6@gmail.com,,,,9356631989,Department of Informetion Technology Engineering,,,B. Tech. Student,Student,,,,,,,,
Vaibhavi ,Koche,vaibhavi@dbatu.ac.in,Koche@1234,,/,,registrar@dbatu.ac.in,,kochevaibhavi1@gmail.com,,,,8551067851,Department of Electronics and Telecommunication Engineering,,,B. Tech. Student,Student,,,,,,,,
Vallabh ,Sonavane ,vallabhsonavane@dbatu.ac.in,Vallabh%123,,/,,registrar@dbatu.ac.in,,sonavnevallabh56@gmail.com,,,,7058290201,Department of Electronics and Telecommunication Engineering,,,B. Tech. Student,Student,,,,,,,,
Vedant ,Khadtar ,khadtarvedant@dbatu.ac.in,Vedsankad$#@456098,,/,,registrar@dbatu.ac.in,,khadtarvedant27@gmail.com,,,,9920445542,Department of Electronics and Telecommunication Engineering,,,B. Tech. Student,Student,,,,,,,,
Vinayak ,Wandhe ,wandhevinayak@dbatu.ac.in,Vinayak@123,,/,,registrar@dbatu.ac.in,,wandhevinayak@gmail.com,,,,9322725871,Department of Electronics and Telecommunication Engineering,,,B. Tech. Student,Student,,,,,,,,
Vishwa,Khursade ,vishwa03@dbatu.ac.in,@Visr123,,/,,registrar@dbatu.ac.in,,vishwakhursade845@gmail.com,,,,8160400509,Department of Electronics and Telecommunication Engineering,,,B. Tech. Student,Student,,,,,,,,
